question,answer
"What are some effective Indian home remedies for constipation?","Effective Indian home remedies for constipation include drinking warm water with lemon juice on an empty stomach, consuming a teaspoon of triphala powder with warm water before bed, eating soaked raisins in the morning, consuming psyllium husk (isabgol) with water, and drinking fenugreek seed water."
"Which Indian herbs are known to promote hair growth?","Indian herbs known to promote hair growth include amla (Indian gooseberry) which is rich in vitamin C, curry leaves that contain amino acids and antioxidants, hibiscus flowers that strengthen hair follicles, fenugreek (methi) seeds that contain proteins and nicotinic acid, and bhringraj which is traditionally known as 'the king of herbs' for hair care."
"What home remedies can provide immediate relief for toothache?","For immediate toothache relief, you can rinse with warm salt water, apply a cold compress to the outside of your cheek, use clove oil directly on the affected area, apply a peppermint tea bag to the sore tooth, create a thyme mouthwash by mixing thyme essential oil with water, or rinse with hydrogen peroxide solution."
"What vitamins should I take for stronger nails?","For stronger nails, biotin (vitamin B7) is most effective as it promotes cell growth and protein metabolism. Other beneficial vitamins include vitamin E for circulation to nail beds, vitamin A for healthy nail tissue, vitamin C for collagen production that strengthens nails, and B-complex vitamins which prevent brittleness and vertical ridges."
"What natural foods can improve skin health?","Foods that improve skin health include fatty fish (rich in omega-3 fatty acids), avocados (containing healthy fats), walnuts (with essential fatty acids), sunflower seeds (providing vitamin E), sweet potatoes (containing beta carotene), bell peppers (high in vitamin C), broccoli (with lutein), tomatoes (containing lycopene), soy (with isoflavones), and dark chocolate (with antioxidants)."
"What are effective home remedies for knee pain?","Effective home remedies for knee pain include applying cold compresses to reduce inflammation, using turmeric supplements as an anti-inflammatory, trying tai chi exercises to improve balance and flexibility, maintaining a healthy weight, using heat therapy to relax muscles, trying acupuncture, and using ginger extracts that have anti-inflammatory properties."
"What are the main causes of excessive daytime sleepiness?","The main causes of excessive daytime sleepiness include sleep disorders like sleep apnea and narcolepsy, poor sleep hygiene, medical conditions such as hypothyroidism and depression, medications including antihistamines and antidepressants, lifestyle factors such as irregular sleep schedules, and substance use including alcohol and caffeine."
"How long does it typically take to see weight loss results?","Weight loss results vary by individual, but typically people might see initial water weight loss in the first 1-2 weeks (1-4 pounds). More sustainable fat loss becomes noticeable after 4-6 weeks of consistent diet and exercise (4-8 pounds). Significant physical changes in body shape are often visible after 8-12 weeks."
"Which vitamins help prevent dry skin?","Vitamins that help prevent dry skin include vitamin D (which helps skin cell growth and repair), vitamin C (promotes collagen production), vitamin E (protects cell membranes and has antioxidant properties), vitamin A/retinol (promotes cell turnover), and B vitamins particularly B3/niacinamide (helps retain skin moisture and reduces inflammation)."
"What is the best way to use coconut oil for hair growth?","The best way to use coconut oil for hair growth is to warm the oil slightly and massage it into the scalp and throughout the hair, focusing on the roots. Leave it on for at least an hour or overnight for deeper conditioning. Use it 2-3 times per week consistently for best results, as coconut oil penetrates the hair shaft and prevents protein loss."
"When should I see a doctor about digestive problems?","You should see a doctor about digestive problems if you experience blood in stool, severe abdominal pain, unexplained weight loss, persistent vomiting, difficulty swallowing, chronic constipation or diarrhea that doesn't respond to home remedies, or if your symptoms persist for more than two weeks despite trying various home remedies."
"What foods contain vitamin E for healthy skin?","Foods rich in vitamin E for healthy skin include sunflower seeds, almonds, hazelnuts, peanuts, spinach, broccoli, kiwi, mango, avocado, and plant oils like sunflower, safflower, and wheat germ oil. These foods help protect skin cells from oxidative damage and support healthy skin cell function."
"How can I use onion juice for hair growth?","To use onion juice for hair growth, extract juice by blending and straining onions, then massage the juice directly into your scalp. Leave it on for 30-60 minutes before washing with a mild shampoo. Apply 2-3 times weekly for at least a month. Onion juice works because its sulfur compounds promote collagen production and improve blood circulation to hair follicles."
"What are the signs that weight loss is happening too quickly?","Signs that weight loss is happening too quickly include losing more than 2 pounds per week consistently, experiencing fatigue, dizziness, or weakness, having digestive issues like constipation or diarrhea, feeling irritable or moody, losing muscle mass along with fat, developing gallstones, experiencing hair loss, or having irregular menstrual cycles in women."
"How can I reduce tooth sensitivity naturally?","To reduce tooth sensitivity naturally, try oil pulling with coconut oil for 15-20 minutes daily, use a soft-bristled toothbrush, apply a paste of turmeric and water to affected areas, rinse with salt water, use clove oil as a numbing agent, avoid acidic foods and drinks, consume vitamin D and calcium-rich foods, and consider using a desensitizing toothpaste with potassium nitrate."
"What are some effective natural sleep aids?","Effective natural sleep aids include chamomile tea which contains apigenin that promotes sleepiness, valerian root which improves sleep quality, lavender essential oil for aromatherapy, magnesium supplements that regulate melatonin, melatonin supplements, passionflower tea which increases GABA levels, and practicing meditation or deep breathing exercises before bedtime."
"How can aloe vera benefit skin health?","Aloe vera benefits skin health by moisturizing without clogging pores, accelerating wound healing through increased collagen production, reducing inflammation with compounds like aloin, fighting acne with natural salicylic acid and sulfur, soothing sunburn with its cooling properties, slowing signs of aging with vitamins C and E, and reducing the appearance of stretch marks and scars."
"What dietary changes can help reduce inflammation?","Dietary changes that help reduce inflammation include increasing consumption of omega-3 fatty acids from fatty fish, adding turmeric with black pepper to meals, consuming more berries and cherries rich in antioxidants, eating leafy greens high in vitamins K and E, choosing olive oil over other fats, adding nuts especially walnuts, reducing refined carbohydrates, and limiting processed foods and added sugars."
"How can I improve nail strength naturally?","To improve nail strength naturally, soak nails in olive oil for 10-15 minutes daily, consume foods rich in biotin like eggs and nuts, apply vitamin E oil directly to nails, increase protein intake through lean meats and legumes, stay hydrated, use jojoba oil as a moisturizer, take collagen supplements, and avoid harsh nail products containing acetone."
"What are warning signs of severe dehydration?","Warning signs of severe dehydration include extreme thirst, very dry mouth and tongue, little or no urination for 8 hours, sunken eyes, lack of tears when crying, sunken soft spot in infants, low blood pressure, rapid heartbeat, rapid breathing, dizziness or lightheadedness, confusion or irritability, and skin that doesn't bounce back quickly when pinched."